epwfilename,latitude,longitude
USA_AK_Adak.NAS.704540_TMY3.epw,51.88,-176.65
USA_AK_Ambler.701718_TMY3.epw,67.10,-157.85
USA_AK_Anaktuvuk.Pass.701625_TMY3.epw,68.13,-151.73
USA_AK_Anchorage-Elmendorf.AFB.702720_TMY3.epw,61.25,-149.80
USA_AK_Anchorage-Lake.Hood.Seaplane.Base.702725_TMY3.epw,61.18,-149.97
USA_AK_Anchorage-Merrill.Field.702735_TMY3.epw,61.22,-149.85
USA_AK_Anchorage.Intl.AP.702730_TMY3.epw,61.18,-150.00
USA_AK_Aniak.AP.702320_TMY3.epw,61.58,-159.53
USA_AK_Annette.Island.AP.703980_TMY3.epw,55.05,-131.57
USA_AK_Anvik.702075_TMY3.epw,62.65,-160.18
USA_AK_Barrow-W.Post-W.Rogers.AP.700260_TMY3.epw,71.32,-156.62
USA_AK_Bethel.AP.702190_TMY3.epw,60.78,-161.83
USA_AK_Bettles.Field.701740_TMY3.epw,66.92,-151.52
USA_AK_Big.Delta-Allen.AAF.702670_TMY3.epw,64.00,-145.72
USA_AK_Big.River.Lake.702986_TMY3.epw,60.82,-152.30
USA_AK_Birchwood.702746_TMY3.epw,61.42,-149.52
USA_AK_Chulitna.702606_TMY3.epw,62.88,-149.83
USA_AK_Cold.Bay.AP.703160_TMY3.epw,55.20,-162.72
USA_AK_Cordova.702960_TMY3.epw,60.50,-145.50
USA_AK_Deadhorse.700637_TMY3.epw,70.20,-148.48
USA_AK_Dillingham.AWOS.703210_TMY3.epw,59.05,-158.52
USA_AK_Eielson.AFB.702650_TMY3.epw,64.65,-147.10
USA_AK_Emmonak.702084_TMY3.epw,62.78,-164.50
USA_AK_Fairbanks.Intl.AP.702610_TMY3.epw,64.82,-147.85
USA_AK_Fort.Yukon.701940_TMY3.epw,66.57,-145.27
USA_AK_Gambell.702040_TMY3.epw,63.78,-171.75
USA_AK_Gulkana.702710_TMY3.epw,62.15,-145.45
USA_AK_Gustavus.703670_TMY3.epw,58.42,-135.70
USA_AK_Hayes.River.702495_TMY3.epw,61.98,-152.08
USA_AK_Healy.River.AP.702647_TMY3.epw,63.88,-149.02
USA_AK_Homer.AP.703410_TMY3.epw,59.65,-151.48
USA_AK_Hoonah.702607_TMY3.epw,58.08,-135.45
USA_AK_Hooper.Bay.702186_TMY3.epw,61.52,-166.15
USA_AK_Huslia.702225_TMY3.epw,65.70,-156.38
USA_AK_Hydaburg.Seaplane.Base.703884_TMY3.epw,55.20,-132.83
USA_AK_Iliamna.AP.703400_TMY3.epw,59.75,-154.92
USA_AK_Juneau.Intl.AP.703810_TMY3.epw,58.35,-134.58
USA_AK_Kake.Seaplane.Base.703855_TMY3.epw,56.97,-133.95
USA_AK_Kenai.Muni.AP.702590_TMY3.epw,60.58,-151.23
USA_AK_Ketchikan.Intl.AP.703950_TMY3.epw,55.37,-131.72
USA_AK_King.Salmon.AP.703260_TMY3.epw,58.68,-156.65
USA_AK_Kodiak.AP.703500_TMY3.epw,57.75,-152.50
USA_AK_Kotzebue-Ralph.Wein.Mem.AP.701330_TMY3.epw,66.88,-162.60
USA_AK_McGrath.AP.702310_TMY3.epw,62.95,-155.60
USA_AK_Mekoryuk.702185_TMY3.epw,60.37,-166.27
USA_AK_Middleton.Island.703430_TMY3.epw,59.47,-146.32
USA_AK_Minchumina.702460_TMY3.epw,63.88,-152.28
USA_AK_Nenana.Muni.AP.702600_TMY3.epw,64.55,-149.10
USA_AK_Nome.Muni.AP.702000_TMY3.epw,64.52,-165.45
USA_AK_Northway.AP.702910_TMY3.epw,62.97,-141.93
USA_AK_Palmer.Muni.AP.702740_TMY3.epw,61.60,-149.08
USA_AK_Petersburg.703860_TMY3.epw,56.80,-132.95
USA_AK_Point.Hope.AWOS.701043_TMY3.epw,68.35,-166.80
USA_AK_Port.Heiden.703330_TMY3.epw,56.95,-158.62
USA_AK_Saint.Marys.AWOS.702005_TMY3.epw,62.07,-163.30
USA_AK_Sand.Point.703165_TMY3.epw,55.32,-160.52
USA_AK_Savoonga.702035_TMY3.epw,63.68,-170.50
USA_AK_Selawik.700197_TMY3.epw,66.60,-160.00
USA_AK_Seward.702770_TMY3.epw,60.12,-149.45
USA_AK_Shemya.AFB.704140_TMY3.epw,52.72,174.12
USA_AK_Shishmaref.AWOS.701195_TMY3.epw,66.27,-166.05
USA_AK_Sitka-Japonski.Island.AP.703710_TMY3.epw,57.05,-135.37
USA_AK_Skagway.AP.703620_TMY3.epw,59.47,-135.30
USA_AK_Sleetmute.703407_TMY3.epw,61.72,-157.15
USA_AK_Soldotna.702595_TMY3.epw,60.47,-151.03
USA_AK_St.Paul.Island.AP.703080_TMY3.epw,57.17,-170.22
USA_AK_Talkeetna.State.AP.702510_TMY3.epw,62.32,-150.10
USA_AK_Tanana-Ralph.Calhoun.AP.701780_TMY3.epw,65.17,-152.10
USA_AK_Togiak.Village.AWOS.703606_TMY3.epw,59.05,-160.40
USA_AK_Unalakleet.Field.702070_TMY3.epw,63.88,-160.80
USA_AK_Unalaska-Dutch.Harbor.Field.704890_TMY3.epw,53.90,-166.55
USA_AK_Valdez-Pioneer.Field.702756_TMY3.epw,61.13,-146.27
USA_AK_Valdez.702750_TMY3.epw,61.13,-146.35
USA_AK_Whittier.702757_TMY3.epw,60.77,-148.68
USA_AK_Wrangell.703870_TMY3.epw,56.48,-132.37
USA_AK_Yakutat.State.AP.703610_TMY3.epw,59.52,-139.63
USA_AL_Anniston.Metro.AP.722287_TMY3.epw,33.58,-85.85
USA_AL_Auburn-Opelika.AP.722284_TMY3.epw,32.62,-85.43
USA_AL_Birmingham.Muni.AP.722280_TMY3.epw,33.57,-86.75
USA_AL_Dothan.Muni.AP.722268_TMY3.epw,31.23,-85.43
USA_AL_Fort.Rucker-Cairns.Field.722269_TMY3.epw,31.27,-85.72
USA_AL_Gadsen.Muni.AWOS.722285_TMY3.epw,33.97,-86.08
USA_AL_Huntsville.Intl.AP-Jones.Field.723230_TMY3.epw,34.65,-86.78
USA_AL_Maxwell.AFB.722265_TMY3.epw,32.38,-86.35
USA_AL_Mobile-Downtown.AP.722235_TMY3.epw,30.63,-88.07
USA_AL_Mobile-Rgnl.AP.722230_TMY3.epw,30.68,-88.25
USA_AL_Montgomery-Dannelly.Field.722260_TMY3.epw,32.30,-86.40
USA_AL_Muscle.Shoals.Rgnl.AP.723235_TMY3.epw,34.75,-87.60
USA_AL_Troy.Air.Field.722267_TMY3.epw,31.87,-86.02
USA_AL_Tuscaloosa.Muni.AP.722286_TMY3.epw,33.22,-87.62
USA_AR_Batesville.AWOS.723448_TMY3.epw,35.73,-91.65
USA_AR_Bentonville.AWOS.723444_TMY3.epw,36.35,-94.22
USA_AR_El.Dorado-Goodwin.Field.723419_TMY3.epw,33.22,-92.82
USA_AR_Fayetteville-Drake.Field.723445_TMY3.epw,36.00,-94.17
USA_AR_Flippin.AWOS.723447_TMY3.epw,36.30,-92.47
USA_AR_Fort.Smith.Rgnl.AP.723440_TMY3.epw,35.33,-94.37
USA_AR_Harrison.AP.723446_TMY3.epw,36.27,-93.15
USA_AR_Hot.Springs.Mem.AP.723415_TMY3.epw,34.47,-93.10
USA_AR_Jonesboro.Muni.AP.723407_TMY3.epw,35.83,-90.65
USA_AR_Little.Rock-Adams.Field.723403_TMY3.epw,34.75,-92.23
USA_AR_Little.Rock.AFB.723405_TMY3.epw,34.92,-92.15
USA_AR_Pine.Bluff.AP.723417_TMY3.epw,34.17,-91.93
USA_AR_Rogers.AWOS.723449_TMY3.epw,36.37,-94.10
USA_AR_Siloam.Spring.AWOS.723443_TMY3.epw,36.18,-94.48
USA_AR_Springdale.Muni.AP.723434_TMY3.epw,36.18,-94.12
USA_AR_Stuttgart.AWOS.723416_TMY3.epw,34.60,-91.57
USA_AR_Texarkana-Webb.Field.723418_TMY3.epw,33.45,-94.00
USA_AR_Walnut.Ridge.AWOS.723406_TMY3.epw,36.13,-90.92
USA_AZ_Casa.Grande.AWOS.722748_TMY3.epw,32.95,-111.77
USA_AZ_Davis-Monthan.AFB.722745_TMY3.epw,32.17,-110.88
USA_AZ_Douglas-Bisbee.Douglas.Intl.AP.722735_TMY3.epw,31.47,-109.60
USA_AZ_Flagstaff-Pulliam.AP.723755_TMY3.epw,35.13,-111.67
USA_AZ_Grand.Canyon.National.Park.AP.723783_TMY3.epw,35.95,-112.15
USA_AZ_Kingman.AWOS.723700_TMY3.epw,35.27,-113.95
USA_AZ_Luke.AFB.722785_TMY3.epw,33.55,-112.37
USA_AZ_Page.Muni.AWOS.723710_TMY3.epw,36.93,-111.45
USA_AZ_Phoenix-Deer.Valley.AP.722784_TMY3.epw,33.68,-112.08
USA_AZ_Phoenix-Sky.Harbor.Intl.AP.722780_TMY3.epw,33.45,-111.98
USA_AZ_Prescott-Love.Field.723723_TMY3.epw,34.65,-112.42
USA_AZ_Safford.AWOS.722747_TMY3.epw,32.82,-109.68
USA_AZ_Scottsdale.Muni.AP.722789_TMY3.epw,33.62,-111.92
USA_AZ_Show.Low.Muni.AP.723747_TMY3.epw,34.27,-110.00
USA_AZ_Tucson.Intl.AP.722740_TMY3.epw,32.13,-110.95
USA_AZ_Winslow.Muni.AP.723740_TMY3.epw,35.03,-110.72
USA_AZ_Yuma.Intl.AP.722800_TMY3.epw,32.67,-114.60
USA_AZ_Yuma.MCAS.699604_TMY3.epw,32.65,-114.62
USA_CA_Alturas.725958_TMY3.epw,41.50,-120.53
USA_CA_Arcata.AP.725945_TMY3.epw,40.98,-124.10
USA_CA_Bakersfield-Meadows.Field.723840_TMY3.epw,35.43,-119.05
USA_CA_Barstow.Daggett.AP.723815_TMY3.epw,34.85,-116.80
USA_CA_Beale.AFB.724837_TMY3.epw,39.13,-121.43
USA_CA_Bishop.AP.724800_TMY3.epw,37.37,-118.35
USA_CA_Blue.Canyon.AP.725845_TMY3.epw,39.30,-120.72
USA_CA_Blythe-Riverside.County.AP.747188_TMY3.epw,33.62,-114.72
USA_CA_Burbank-Glendale-Passadena.Bob.Hope.AP.722880_TMY3.epw,34.20,-118.35
USA_CA_Camarillo.AWOS.723926_TMY3.epw,34.22,-119.08
USA_CA_Camp.Pendleton.MCAS.722926_TMY3.epw,33.30,-117.35
USA_CA_Carlsbad.722927_TMY3.epw,33.13,-117.28
USA_CA_China.Lake.NAF.746120_TMY3.epw,35.68,-117.68
USA_CA_Chino.AP.722899_TMY3.epw,33.97,-117.63
USA_CA_Chula.Vista-Brown.Field.Muni.AP.722904_TMY3.epw,32.58,-116.98
USA_CA_Concord-Buchanan.Field.724936_TMY3.epw,38.00,-122.05
USA_CA_Crescent.City-Jack.McNamara.Field.725946_TMY3.epw,41.78,-124.23
USA_CA_Edwards.AFB.723810_TMY3.epw,34.90,-117.87
USA_CA_Fairfield-Travis.AFB.745160_TMY3.epw,38.27,-121.93
USA_CA_Fresno.Air.Terminal.723890_TMY3.epw,36.78,-119.72
USA_CA_Fullerton.Muni.AP.722976_TMY3.epw,33.87,-117.98
USA_CA_Hawthorne-Jack.Northrop.Field.722956_TMY3.epw,33.92,-118.33
USA_CA_Hayward.Air.Terminal.724935_TMY3.epw,37.67,-122.12
USA_CA_Imperial.County.AP.747185_TMY3.epw,32.83,-115.58
USA_CA_Lancaster-Gen.Wm.Fox.Field.723816_TMY3.epw,34.73,-118.22
USA_CA_Lemoore.NAS.747020_TMY3.epw,36.33,-119.95
USA_CA_Livermore.Muni.AP.724927_TMY3.epw,37.70,-121.82
USA_CA_Lompoc.AWOS.722895_TMY3.epw,34.67,-120.47
USA_CA_Long.Beach-Daugherty.Field.722970_TMY3.epw,33.83,-118.17
USA_CA_Los.Angeles.Intl.AP.722950_TMY3.epw,33.93,-118.40
USA_CA_March.AFB.722860_TMY3.epw,33.90,-117.25
USA_CA_Merced-Macready.Field.724815_TMY3.epw,37.28,-120.52
USA_CA_Modesto.Muni.AP.724926_TMY3.epw,37.63,-120.95
USA_CA_Montague-Siskiyou.County.AP.725955_TMY3.epw,41.78,-122.47
USA_CA_Monterey.NAF.724915_TMY3.epw,36.60,-121.87
USA_CA_Mountain.View-Moffett.Field.NAS.745090_TMY3.epw,37.40,-122.05
USA_CA_Napa.County.AP.724955_TMY3.epw,38.22,-122.28
USA_CA_Needles.AP.723805_TMY3.epw,34.77,-114.62
USA_CA_Oakland.Intl.AP.724930_TMY3.epw,37.72,-122.22
USA_CA_Oxnard.AP.723927_TMY3.epw,34.20,-119.20
USA_CA_Palm.Springs-Thermal.AP.747187_TMY3.epw,33.63,-116.17
USA_CA_Palm.Springs.Intl.AP.722868_TMY3.epw,33.83,-116.50
USA_CA_Palmdale.AP.723820_TMY3.epw,34.63,-118.08
USA_CA_Paso.Robles.Muni.AP.723965_TMY3.epw,35.67,-120.63
USA_CA_Point.Mugu.NAS.723910_TMY3.epw,34.12,-119.12
USA_CA_Porterville.AWOS.723895_TMY3.epw,36.03,-119.07
USA_CA_Red.Bluff.Muni.AP.725910_TMY3.epw,40.15,-122.25
USA_CA_Redding.Muni.AP.725920_TMY3.epw,40.52,-122.32
USA_CA_Riverside.Muni.AP.722869_TMY3.epw,33.95,-117.45
USA_CA_Sacramento.Exec.AP.724830_TMY3.epw,38.50,-121.50
USA_CA_Sacramento.Metro.AP.724839_TMY3.epw,38.70,-121.58
USA_CA_Salinas.Muni.AP.724917_TMY3.epw,36.67,-121.60
USA_CA_San.Diego-Lindbergh.Field.722900_TMY3.epw,32.73,-117.17
USA_CA_San.Diego-Miramar.NAS.722930_TMY3.epw,32.87,-117.13
USA_CA_San.Diego-Montgomery.Field.722903_TMY3.epw,32.82,-117.13
USA_CA_San.Diego-North.Island.NAS.722906_TMY3.epw,32.70,-117.20
USA_CA_San.Francisco.Intl.AP.724940_TMY3.epw,37.62,-122.40
USA_CA_San.Jose.Intl.AP.724945_TMY3.epw,37.37,-121.93
USA_CA_San.Luis.Obispo.AP.722897_TMY3.epw,35.23,-120.63
USA_CA_Sandberg.723830_TMY3.epw,34.75,-118.72
USA_CA_Santa.Ana-John.Wayne.AP.722977_TMY3.epw,33.68,-117.87
USA_CA_Santa.Barbara.Muni.AP.723925_TMY3.epw,34.43,-119.85
USA_CA_Santa.Maria.Public.AP.723940_TMY3.epw,34.92,-120.47
USA_CA_Santa.Monica.Muni.AP.722885_TMY3.epw,34.02,-118.45
USA_CA_Santa.Rosa.AWOS.724957_TMY3.epw,38.52,-122.82
USA_CA_South.Lake.Tahoe-Lake.Tahoe.AP.725847_TMY3.epw,38.90,-120.00
USA_CA_Stockton.Metro.AP.724920_TMY3.epw,37.90,-121.23
USA_CA_Truckee.Tahoe.AP.725846_TMY3.epw,39.32,-120.13
USA_CA_Twentynine.Palms.690150_TMY3.epw,34.30,-116.17
USA_CA_Ukiah.Muni.AP.725905_TMY3.epw,39.13,-123.20
USA_CA_Van.Nuys.AP.722886_TMY3.epw,34.22,-118.48
USA_CA_Visalia.Muni.AWOS.723896_TMY3.epw,36.32,-119.40
USA_CA_Yuba.County.AP.724838_TMY3.epw,39.10,-121.57
USA_CO_Akron-Washington.County.AP.724698_TMY3.epw,40.17,-103.23
USA_CO_Alamosa.Muni.AP.724620_TMY3.epw,37.43,-105.87
USA_CO_Aspen-Pitkin.County-Sardy.Field.724676_TMY3.epw,39.22,-106.87
USA_CO_Aurora-Buckley.Field.ANGB.724695_TMY3.epw,39.72,-104.75
USA_CO_Boulder-Broomfield-Jefferson.County.AP.724699_TMY3.epw,40.13,-105.24
USA_CO_Colorado.Springs-Peterson.Field.724660_TMY3.epw,38.82,-104.72
USA_CO_Cortez-Montezuma.County.AP.724767_TMY3.epw,37.30,-108.63
USA_CO_Craig.Moffat.AP.725700_TMY3.epw,40.50,-107.53
USA_CO_Denver.Intl.AP.725650_TMY3.epw,39.83,-104.65
USA_CO_Durango-La.Plata.County.AP.724625_TMY3.epw,37.15,-107.75
USA_CO_Eagle.County.Rgnl.AP.724675_TMY3.epw,39.65,-106.92
USA_CO_Fort.Collins.AWOS.724769_TMY3.epw,40.45,-105.02
USA_CO_Golden-NREL.724666_TMY3.epw,39.74,-105.18
USA_CO_Grand.Junction-Walker.Field.724760_TMY3.epw,39.13,-108.53
USA_CO_Greeley-Weld.County.AWOS.724768_TMY3.epw,40.43,-104.63
USA_CO_Gunnison.County.AWOS.724677_TMY3.epw,38.53,-106.93
USA_CO_Hayden-Yampa.AWOS.725715_TMY3.epw,40.48,-107.22
USA_CO_La.Junta.Muni.AP.724635_TMY3.epw,38.05,-103.53
USA_CO_Lamar.Muni.AP.724636_TMY3.epw,38.07,-102.68
USA_CO_Leadville-Lake.County.AP.724673_TMY3.epw,39.22,-106.32
USA_CO_Limon.Muni.AP.724665_TMY3.epw,39.18,-103.72
USA_CO_Montrose.County.AP.724765_TMY3.epw,38.50,-107.90
USA_CO_Pueblo.Mem.AP.724640_TMY3.epw,38.28,-104.50
USA_CO_Rifle-Garfield.County.Rgnl.AP.725717_TMY3.epw,39.53,-107.72
USA_CO_Trinidad-Las.Animas.County.AP.724645_TMY3.epw,37.27,-104.33
USA_CT_Bridgeport-Sikorsky.Mem.AP.725040_TMY3.epw,41.18,-73.15
USA_CT_Danbury.Muni.AP.725086_TMY3.epw,41.37,-73.48
USA_CT_Groton-New.London.AP.725046_TMY3.epw,41.33,-72.05
USA_CT_Hartford-Bradley.Intl.AP.725080_TMY3.epw,41.93,-72.68
USA_CT_Hartford-Brainard.Field.725087_TMY3.epw,41.73,-72.65
USA_CT_New.Haven-Tweed.AP.725045_TMY3.epw,41.27,-72.88
USA_CT_Oxford.AWOS.725029_TMY3.epw,41.48,-73.13
USA_DE_Dover.AFB.724088_TMY3.epw,39.13,-75.47
USA_DE_Wilmington-New.Castle.County.AP.724089_TMY3.epw,39.67,-75.60
USA_FL_Crestview-Bob.Sikes.AP.722215_TMY3.epw,30.78,-86.52
USA_FL_Daytona.Beach.Intl.AP.722056_TMY3.epw,29.18,-81.07
USA_FL_Fort.Lauderdale.Executive.AP.722039_TMY3.epw,26.20,-80.17
USA_FL_Fort.Lauderdale.Intl.AP.722025_TMY3.epw,26.07,-80.15
USA_FL_Fort.Myers-Page.Field.722106_TMY3.epw,26.58,-81.87
USA_FL_Fort.Pierce-St.Lucie.County.AP.722103_TMY3.epw,27.48,-80.37
USA_FL_Fort.Walton.Beach-Hurlburt.Field.747770_TMY3.epw,30.42,-86.68
USA_FL_Gainesville.Rgnl.AP.722146_TMY3.epw,29.70,-82.28
USA_FL_Homestead.AFB.722026_TMY3.epw,25.48,-80.38
USA_FL_Jacksonville-Craig.Field.722068_TMY3.epw,30.33,-81.52
USA_FL_Jacksonville.Intl.AP.722060_TMY3.epw,30.50,-81.70
USA_FL_Jacksonville.NAS.722065_TMY3.epw,30.23,-81.67
USA_FL_Key.West.Intl.AP.722010_TMY3.epw,24.55,-81.75
USA_FL_Key.West.NAS.722015_TMY3.epw,24.58,-81.68
USA_FL_Lakeland.Linder.Rgnl.AP.722119_TMY3.epw,27.98,-82.02
USA_FL_MacDill.AFB.747880_TMY3.epw,27.85,-82.52
USA_FL_Marathon.AP.722016_TMY3.epw,24.73,-81.05
USA_FL_Mayport.NS.722066_TMY3.epw,30.40,-81.42
USA_FL_Melbourne.Rgnl.AP.722040_TMY3.epw,28.12,-80.65
USA_FL_Miami-Kendall-Tamiami.Executive.AP.722029_TMY3.epw,25.65,-80.43
USA_FL_Miami-Opa.Locka.AP.722024_TMY3.epw,25.90,-80.28
USA_FL_Miami.Intl.AP.722020_TMY3.epw,25.82,-80.30
USA_FL_Naples.Muni.AP.722038_TMY3.epw,26.15,-81.77
USA_FL_NASA.Shuttle.Landing.Facility.747946_TMY3.epw,28.62,-80.72
USA_FL_Ocala.Muni.AWOS.722055_TMY3.epw,29.17,-82.22
USA_FL_Orlando-Sanford.AP.722057_TMY3.epw,28.78,-81.25
USA_FL_Orlando.Executive.AP.722053_TMY3.epw,28.55,-81.33
USA_FL_Orlando.Intl.AP.722050_TMY3.epw,28.43,-81.33
USA_FL_Panama.City-Bay.County.AP.722245_TMY3.epw,30.20,-85.68
USA_FL_Pensacola-Forest.Sherman.NAS.722225_TMY3.epw,30.35,-87.32
USA_FL_Pensacola.Rgnl.AP.722223_TMY3.epw,30.48,-87.18
USA_FL_Sarasota-Bradenton.Intl.AP.722115_TMY3.epw,27.38,-82.55
USA_FL_Southwest.Florida.Intl.AP.722108_TMY3.epw,26.53,-81.75
USA_FL_St.Petersburg-Albert.Whitted.Station.722104_TMY3.epw,27.77,-82.63
USA_FL_St.Petersburg-Clearwater.Intl.AP.722116_TMY3.epw,27.90,-82.68
USA_FL_Tallahassee.Rgnl.AP.722140_TMY3.epw,30.38,-84.37
USA_FL_Tampa.Intl.AP.722110_TMY3.epw,27.97,-82.53
USA_FL_Tyndall.AFB.747750_TMY3.epw,30.07,-85.58
USA_FL_Valparaiso-Elgin.AFB.722210_TMY3.epw,30.48,-86.52
USA_FL_Vero.Beach.Muni.AP.722045_TMY3.epw,27.65,-80.42
USA_FL_West.Palm.Beach.Intl.AP.722030_TMY3.epw,26.68,-80.10
USA_FL_Whiting.Field.NAS.722226_TMY3.epw,30.72,-87.02
USA_GA_Albany-Dougherty.County.AP.722160_TMY3.epw,31.53,-84.18
USA_GA_Alma-Bacon.County.AP.722135_TMY3.epw,31.53,-82.50
USA_GA_Athens-Ben.Epps.AP.723110_TMY3.epw,33.95,-83.33
USA_GA_Atlanta-Hartsfield-Jackson.Intl.AP.722190_TMY3.epw,33.63,-84.43
USA_GA_Augusta-Bush-Field.722180_TMY3.epw,33.37,-81.97
USA_GA_Brunswick-Golden.Isles.AP.722136_TMY3.epw,31.25,-81.47
USA_GA_Brunswick-Malcolm.McKinnon.AP.722137_TMY3.epw,31.15,-81.38
USA_GA_Columbus.Metro.AP.722255_TMY3.epw,32.52,-84.95
USA_GA_Dekalb.Peachtree.AP.722196_TMY3.epw,33.87,-84.30
USA_GA_Fort.Benning-Lawson.Field.722250_TMY3.epw,32.35,-85.00
USA_GA_Fulton.County.AP.722195_TMY3.epw,33.77,-84.52
USA_GA_Macon-Middle.Georgia.Rgnl.AP.722170_TMY3.epw,32.68,-83.65
USA_GA_Marietta-Dobbins.AFB.722270_TMY3.epw,33.92,-84.52
USA_GA_Rome-Richard.B.Russell.AP.723200_TMY3.epw,34.35,-85.17
USA_GA_Savannah-Hunter.AAF.747804_TMY3.epw,32.00,-81.15
USA_GA_Savannah.Intl.AP.722070_TMY3.epw,32.12,-81.20
USA_GA_Valdosta-Moody.AFB.747810_TMY3.epw,30.97,-83.20
USA_GA_Valdosta.Rgnl.AP.722166_TMY3.epw,30.78,-83.28
USA_GA_Warner.Robins.AFB.722175_TMY3.epw,32.63,-83.60
USA_HI_Barbers.Point.NAS.911780_TMY3.epw,21.32,-158.07
USA_HI_Hilo.Intl.AP.912850_TMY3.epw,19.72,-155.05
USA_HI_Honolulu.Intl.AP.911820_TMY3.epw,21.32,-157.93
USA_HI_Kahului.AP.911900_TMY3.epw,20.90,-156.43
USA_HI_Kailua-Kaneohe.Bay.MCAS.911760_TMY3.epw,21.45,-157.78
USA_HI_Kapalua-West.Maui.AP.911904_TMY3.epw,20.95,-156.63
USA_HI_Keahole-Kona.Intl.AP.911975_TMY3.epw,19.73,-156.05
USA_HI_Lanai.AP.911905_TMY3.epw,20.78,-156.95
USA_HI_Lihue.AP.911650_TMY3.epw,21.98,-159.33
USA_HI_Molokai.AWOS.911860_TMY3.epw,21.15,-157.10
USA_IA_Algona.Muni.AP.725457_TMY3.epw,43.08,-94.27
USA_IA_Atlantic.Muni.AP.725453_TMY3.epw,41.40,-95.05
USA_IA_Boone.Muni.AP.725486_TMY3.epw,42.05,-93.85
USA_IA_Burlington.Muni.AP.725455_TMY3.epw,40.78,-91.12
USA_IA_Carroll.Muni.AP.725468_TMY3.epw,42.05,-94.78
USA_IA_Cedar.Rapids.Muni.AP.725450_TMY3.epw,41.88,-91.72
USA_IA_Chariton.Muni.AP.725469_TMY3.epw,41.03,-93.37
USA_IA_Charles.City.Muni.AP.725463_TMY3.epw,43.07,-92.62
USA_IA_Clarinda.Muni.AP.725479_TMY3.epw,40.72,-95.03
USA_IA_Clinton.Muni.AWOS.725473_TMY3.epw,41.83,-90.33
USA_IA_Council.Bluffs.Muni.AP.725497_TMY3.epw,41.27,-95.77
USA_IA_Creston.Muni.AP.725474_TMY3.epw,41.02,-94.37
USA_IA_Decorah.Muni.AP.725476_TMY3.epw,43.28,-91.73
USA_IA_Denison.Muni.AP.725477_TMY3.epw,41.98,-95.38
USA_IA_Des.Moines.Intl.AP.725460_TMY3.epw,41.53,-93.67
USA_IA_Dubuque.Rgnl.AP.725470_TMY3.epw,42.40,-90.70
USA_IA_Estherville.Muni.AP.726499_TMY3.epw,43.40,-94.75
USA_IA_Fairfield.Muni.AP.726498_TMY3.epw,41.05,-91.98
USA_IA_Fort.Dodge.AWOS.725490_TMY3.epw,42.55,-94.18
USA_IA_Fort.Madison.Muni.AP.725483_TMY3.epw,40.67,-91.33
USA_IA_Keokuk.Muni.AP.725456_TMY3.epw,40.47,-91.43
USA_IA_Knoxville.Muni.AP.725493_TMY3.epw,41.30,-93.12
USA_IA_Le.Mars.Muni.AP.725484_TMY3.epw,42.78,-96.20
USA_IA_Mason.City.Muni.AP.725485_TMY3.epw,43.15,-93.33
USA_IA_Monticello.Muni.AP.725475_TMY3.epw,42.23,-91.17
USA_IA_Muscatine.Muni.AP.725487_TMY3.epw,41.37,-91.15
USA_IA_Newton.Muni.AP.725464_TMY3.epw,41.68,-93.02
USA_IA_Oelwein.Muni.AP.725488_TMY3.epw,42.68,-91.97
USA_IA_Orange.City.Muni.AP.725489_TMY3.epw,42.98,-96.07
USA_IA_Ottumwa.Industrial.AP.725465_TMY3.epw,41.10,-92.45
USA_IA_Red.Oak.Muni.AP.725494_TMY3.epw,41.02,-95.27
USA_IA_Sheldon.Muni.AP.725495_TMY3.epw,43.22,-95.83
USA_IA_Shenandoah.Muni.AP.725467_TMY3.epw,40.75,-95.42
USA_IA_Sioux.City-Sioux.Gateway.AP.725570_TMY3.epw,42.38,-96.38
USA_IA_Spencer.Muni.AP.726500_TMY3.epw,43.17,-95.15
USA_IA_Storm.Lake.Muni.AP.725496_TMY3.epw,42.60,-95.23
USA_IA_Washington.Muni.AP.725454_TMY3.epw,41.28,-91.67
USA_IA_Waterloo.Muni.AP.725480_TMY3.epw,42.55,-92.40
USA_IA_Webster.City.Muni.AP.725478_TMY3.epw,42.43,-93.87
USA_ID_Boise.Air.Terminal.726810_TMY3.epw,43.62,-116.21
USA_ID_Burley.Muni.AP.725867_TMY3.epw,42.53,-113.77
USA_ID_Caldwell.AWOS.726813_TMY3.epw,43.63,-116.63
USA_ID_Coeur.dAlene.AWOS.727834_TMY3.epw,47.77,-116.82
USA_ID_Hailey-Sun.Valley.AP.725865_TMY3.epw,43.50,-114.30
USA_ID_Idaho.Falls-Fanning.Field.725785_TMY3.epw,43.52,-112.07
USA_ID_Lewiston-Nez.Perce.County.AP.727830_TMY3.epw,46.37,-117.02
USA_ID_Malad.City.AP.725786_TMY3.epw,42.15,-112.28
USA_ID_Mountain.Home.AFB.726815_TMY3.epw,43.05,-115.87
USA_ID_Pocatello.Muni.AP.725780_TMY3.epw,42.92,-112.57
USA_ID_Salmon-Lemhi.AWOS.726865_TMY3.epw,45.12,-113.88
USA_ID_Soda.Springs-Tigert.AP.725868_TMY3.epw,42.65,-111.58
USA_ID_Twin.Falls-Magic.Valley.Rgnl.AP-Joslin.Field.725866_TMY3.epw,42.55,-114.35
USA_IL_Aurora.Muni.AP.744655_TMY3.epw,41.77,-88.47
USA_IL_Belleville-Scott.AFB.724338_TMY3.epw,38.55,-89.85
USA_IL_Bloomington.Normal-Central.Illinois.Rgnl.AP.724397_TMY3.epw,40.47,-88.92
USA_IL_Cahokia.AP.725314_TMY3.epw,38.57,-90.15
USA_IL_Carbondale-Southern.Illinois.AP.724336_TMY3.epw,37.77,-89.25
USA_IL_Chicago-Midway.AP.725340_TMY3.epw,41.78,-87.75
USA_IL_Chicago-OHare.Intl.AP.725300_TMY3.epw,41.98,-87.92
USA_IL_Decatur.AP.725316_TMY3.epw,39.83,-88.87
USA_IL_Du.Page.AP.725305_TMY3.epw,41.92,-88.25
USA_IL_Marion-Williamson.County.Rgnl.AP.724339_TMY3.epw,37.75,-89.02
USA_IL_Moline-Quad.City.Intl.AP.725440_TMY3.epw,41.47,-90.52
USA_IL_Mount.Vernon.AWOS.724335_TMY3.epw,38.32,-88.87
USA_IL_Peoria-Greater.Peoria.AP.725320_TMY3.epw,40.67,-89.68
USA_IL_Quincy.Muni.AP.724396_TMY3.epw,39.93,-91.20
USA_IL_Rockford-Greater.Rockford.AP.725430_TMY3.epw,42.20,-89.10
USA_IL_Springfield-Capital.AP.724390_TMY3.epw,39.85,-89.68
USA_IL_Sterling-Rock.Falls-Whiteside.County.AP.725326_TMY3.epw,41.75,-89.67
USA_IL_University.of.Illinois-Willard.AP.725315_TMY3.epw,40.06,-88.37
USA_IL_Waukegan.Rgnl.AP.725347_TMY3.epw,42.42,-87.87
USA_IN_Delaware.County-Johnson.Field.725336_TMY3.epw,40.23,-85.40
USA_IN_Evansville.Rgnl.AP.724320_TMY3.epw,38.05,-87.53
USA_IN_Fort.Wayne.Intl.AP.725330_TMY3.epw,41.00,-85.20
USA_IN_Grissom.AFB.725335_TMY3.epw,40.65,-86.15
USA_IN_Huntingburg.Muni.AP.724365_TMY3.epw,38.25,-86.95
USA_IN_Indianapolis.Intl.AP.724380_TMY3.epw,39.72,-86.27
USA_IN_Lafayette-Purdue.University.AP.724386_TMY3.epw,40.42,-86.93
USA_IN_Monroe.County.AP.724375_TMY3.epw,39.13,-86.62
USA_IN_South.Bend-Michiana.Rgnl.AP.725350_TMY3.epw,41.70,-86.33
USA_IN_Terre.Haute-Hulman.Rgnl.AP.724373_TMY3.epw,39.45,-87.30
USA_KS_Chanute-Martin.Johnson.AP.724507_TMY3.epw,37.67,-95.48
USA_KS_Concordia-Blosser.Muni.AP.724580_TMY3.epw,39.55,-97.65
USA_KS_Dodge.City.Rgnl.AP.724510_TMY3.epw,37.77,-99.97
USA_KS_Emporia.Muni.AP.724556_TMY3.epw,38.33,-96.18
USA_KS_Fort.Riley-Marshall.AAF.724550_TMY3.epw,39.05,-96.77
USA_KS_Garden.City.Muni.AP.724515_TMY3.epw,37.93,-100.72
USA_KS_Goodland-Renner.Field.724650_TMY3.epw,39.37,-101.70
USA_KS_Great.Bend.AWOS.724517_TMY3.epw,38.35,-98.87
USA_KS_Hays.Muni.AWOS.724518_TMY3.epw,38.85,-99.27
USA_KS_Hill.City.Muni.AP.724655_TMY3.epw,39.38,-99.83
USA_KS_Hutchinson.Muni.AP.724506_TMY3.epw,38.07,-97.87
USA_KS_Liberal.Muni.AP.724516_TMY3.epw,37.03,-100.97
USA_KS_Manhattan.Rgnl.AP.724555_TMY3.epw,39.13,-96.67
USA_KS_Newton.AWOS.724509_TMY3.epw,38.05,-97.28
USA_KS_Olathe-Johnson.County.Executive.AP.724468_TMY3.epw,38.85,-94.73
USA_KS_Olathe-Johnson.County.Industrial.AP.724475_TMY3.epw,38.83,-94.88
USA_KS_Russell.Muni.AP.724585_TMY3.epw,38.88,-98.82
USA_KS_Salina.Muni.AP.724586_TMY3.epw,38.82,-97.67
USA_KS_Topeka-Forbes.AFB.724565_TMY3.epw,38.95,-95.67
USA_KS_Topeka-Phillip.Billard.Muni.AP.724560_TMY3.epw,39.07,-95.63
USA_KS_Wichita-Col.Jabara.Field.724504_TMY3.epw,37.75,-97.22
USA_KS_Wichita-McConnell.AFB.724505_TMY3.epw,37.62,-97.27
USA_KS_Wichita-Mid.Continent.AP.724500_TMY3.epw,37.65,-97.43
USA_KY_Bowling.Green-Warren.County.AP.746716_TMY3.epw,36.98,-86.43
USA_KY_Cincinnati-Northern.Kentucky.AP.724210_TMY3.epw,39.05,-84.67
USA_KY_Fort.Campbell.AAF.746710_TMY3.epw,36.67,-87.48
USA_KY_Fort.Knox-Godman.AAF.724240_TMY3.epw,37.90,-85.97
USA_KY_Henderson.City.County.AP.724238_TMY3.epw,37.82,-87.68
USA_KY_Jackson-Julian.Carroll.AP.724236_TMY3.epw,37.58,-83.32
USA_KY_Lexington-Bluegrass.AP.724220_TMY3.epw,38.03,-84.60
USA_KY_London-Corbin-Magee.Field.724243_TMY3.epw,37.08,-84.08
USA_KY_Louisville-Bowman.Field.724235_TMY3.epw,38.23,-85.67
USA_KY_Louisville-Standiford.Field.724230_TMY3.epw,38.18,-85.73
USA_KY_Paducah-Barkley.Rgnl.AP.724350_TMY3.epw,37.05,-88.77
USA_KY_Somerset-Pulaski.County.AWOS.724354_TMY3.epw,38.00,-84.60
USA_LA_Alexandria-England.AFB.747540_TMY3.epw,31.32,-92.55
USA_LA_Alexandria-Esler.Rgnl.AP.722487_TMY3.epw,31.40,-92.30
USA_LA_Barksdale.AFB.722485_TMY3.epw,32.50,-93.67
USA_LA_Baton.Rouge-Ryan.AP.722317_TMY3.epw,30.53,-91.15
USA_LA_Fort.Polk.722390_TMY3.epw,31.05,-93.18
USA_LA_Houma-Terrebonne.AP.722406_TMY3.epw,29.57,-90.67
USA_LA_Lafayette.RgnlAP.722405_TMY3.epw,30.20,-91.98
USA_LA_Lake.Charles.AP.722404_TMY3.epw,30.22,-93.17
USA_LA_Lake.Charles.Rgnl.AP.722400_TMY3.epw,30.12,-93.23
USA_LA_Monroe.Rgnl.AP.722486_TMY3.epw,32.52,-92.03
USA_LA_New.Iberia.722314_TMY3.epw,30.03,-91.88
USA_LA_New.Orleans-Alvin.Callender.Field.722316_TMY3.epw,29.82,-90.02
USA_LA_New.Orleans-Lakefront.AP.722315_TMY3.epw,30.05,-90.03
USA_LA_New.Orleans.Intl.AP.722310_TMY3.epw,30.00,-90.25
USA_LA_Patterson.Mem.AP.722329_TMY3.epw,29.72,-91.33
USA_LA_Shreveport.Downtown.722484_TMY3.epw,32.53,-93.75
USA_LA_Shreveport.Rgnl.AP.722480_TMY3.epw,32.45,-93.82
USA_MA_Barnstable-Boardman.Poland.AP.725067_TMY3.epw,41.67,-70.28
USA_MA_Beverly.Muni.AP.725088_TMY3.epw,42.58,-70.92
USA_MA_Boston-Logan.Intl.AP.725090_TMY3.epw,42.37,-71.02
USA_MA_Chicopee.Falls-Westover.AFB.744910_TMY3.epw,42.20,-72.53
USA_MA_Lawrence.Muni.AP.744904_TMY3.epw,42.72,-71.12
USA_MA_Marthas.Vineyard.AP.725066_TMY3.epw,41.40,-70.62
USA_MA_Nantucket.Mem.AP.725063_TMY3.epw,41.25,-70.07
USA_MA_New.Bedford.Rgnl.AP.725065_TMY3.epw,41.67,-70.95
USA_MA_North.Adams.AP.725075_TMY3.epw,42.70,-73.17
USA_MA_Norwood.Mem.AP.725098_TMY3.epw,42.18,-71.18
USA_MA_Otis.ANGB.725060_TMY3.epw,41.65,-70.52
USA_MA_Plymouth.Muni.AP.725064_TMY3.epw,41.92,-70.73
USA_MA_Provincetown.AWOS.725073_TMY3.epw,42.07,-70.22
USA_MA_Westfield-Barnes.Muni.AP.744915_TMY3.epw,42.15,-72.72
USA_MA_Worcester.Rgnl.AP.725095_TMY3.epw,42.27,-71.88
USA_MD_Andrews.AFB.745940_TMY3.epw,38.82,-76.87
USA_MD_Baltimore-Washington.Intl.AP.724060_TMY3.epw,39.17,-76.68
USA_MD_Hagerstown-Washington.County.Rgnl.AP.724066_TMY3.epw,39.70,-77.73
USA_MD_Patuxent.River.NAS.724040_TMY3.epw,38.30,-76.42
USA_MD_Salisbury-Wicomico.County.Rgnl.AP.724045_TMY3.epw,38.33,-75.52
USA_ME_Auburn-Lewiston.Muni.AP.726184_TMY3.epw,44.05,-70.28
USA_ME_Augusta.AP.726185_TMY3.epw,44.32,-69.80
USA_ME_Bangor.Intl.AP.726088_TMY3.epw,44.80,-68.82
USA_ME_Bar.Harbor.AWOS.726077_TMY3.epw,44.45,-68.37
USA_ME_Brunswick.NAS.743920_TMY3.epw,43.90,-69.93
USA_ME_Caribou.Muni.AP.727120_TMY3.epw,46.87,-68.03
USA_ME_Edmundston-Northern.Aroostook.Rgnl.AP.726083_TMY3.epw,47.28,-68.32
USA_ME_Houlton.Intl.AP.727033_TMY3.epw,46.12,-67.80
USA_ME_Millinocket.Muni.AP.726196_TMY3.epw,45.65,-68.68
USA_ME_Portland.Intl.Jetport.726060_TMY3.epw,43.65,-70.30
USA_ME_Presque.Isle.Muni.AP.727130_TMY3.epw,46.68,-68.05
USA_ME_Rockland-Knox.AWOS.726079_TMY3.epw,44.07,-69.10
USA_ME_Sanford.Muni.AWOS.726064_TMY3.epw,43.40,-70.72
USA_ME_Waterville.AWOS.726073_TMY3.epw,44.53,-69.68
USA_ME_Wiscasset.AP.727135_TMY3.epw,43.97,-69.72
USA_MI_Alpena.County.Rgnl.AP.726390_TMY3.epw,45.07,-83.58
USA_MI_Ann.Arbor.Muni.AP.725374_TMY3.epw,42.22,-83.75
USA_MI_Battle.Creek-Kellogg.AP.725396_TMY3.epw,42.30,-85.25
USA_MI_Benton.Harbor-Ross.Field-Twin.Cities.AP.726355_TMY3.epw,42.13,-86.43
USA_MI_Cadillac-Wexford.County.AP.726384_TMY3.epw,44.28,-85.42
USA_MI_Chippewa.County.Intl.AP.727344_TMY3.epw,46.25,-84.47
USA_MI_Detroit-City.AP.725375_TMY3.epw,42.40,-83.00
USA_MI_Detroit-Willow.Run.AP.725376_TMY3.epw,42.23,-83.53
USA_MI_Detroit.Metro.AP.725370_TMY3.epw,42.22,-83.35
USA_MI_Escanaba.AWOS.726480_TMY3.epw,45.75,-87.03
USA_MI_Flint-Bishop.Intl.AP.726370_TMY3.epw,42.97,-83.75
USA_MI_Grand.Rapids-Kent.County.Intl.AP.726350_TMY3.epw,42.88,-85.52
USA_MI_Hancock-Houghton.County.AP.727440_TMY3.epw,47.17,-88.50
USA_MI_Houghton-Lake.Roscommon.County.AP.726380_TMY3.epw,44.37,-84.68
USA_MI_Howell-Livingston.County.AP.725378_TMY3.epw,42.63,-83.98
USA_MI_Iron.Mountain-Ford.Field.727437_TMY3.epw,45.82,-88.12
USA_MI_Ironwood.AWOS.727445_TMY3.epw,46.53,-90.13
USA_MI_Jackson-Reynolds.Field.725395_TMY3.epw,42.27,-84.47
USA_MI_Kalamazoo-Battle.Creek.Intl.AP.726357_TMY3.epw,42.23,-85.55
USA_MI_Lansing-Capital.City.AP.725390_TMY3.epw,42.78,-84.58
USA_MI_Manistee.AWOS.726385_TMY3.epw,44.27,-86.25
USA_MI_Menominee.AWOS.726487_TMY3.epw,45.13,-87.63
USA_MI_Mount.Clemens-Selfridge.ANGB.725377_TMY3.epw,42.62,-82.83
USA_MI_Muskegon.County.AP.726360_TMY3.epw,43.17,-86.23
USA_MI_Oakland.County.Intl.AP.726375_TMY3.epw,42.67,-83.42
USA_MI_Oscoda-Wurtsmith.AFB.726395_TMY3.epw,44.45,-83.40
USA_MI_Pellston-Emmet.County.AP.727347_TMY3.epw,45.57,-84.78
USA_MI_Rhinelander-Oneida.County.AP.727415_TMY3.epw,45.63,-89.47
USA_MI_Saginaw-Tri.City.Intl.AP.726379_TMY3.epw,43.53,-84.08
USA_MI_Sault.Ste.Marie-Sanderson.Field.727340_TMY3.epw,46.47,-84.35
USA_MI_St.Clair.County.Intl.AP.725384_TMY3.epw,42.92,-82.53
USA_MI_Traverse.City-Cherry.Capital.AP.726387_TMY3.epw,44.73,-85.58
USA_MN_Aitkin.AWOS.727504_TMY3.epw,46.55,-93.68
USA_MN_Albert.Lea.AWOS.726589_TMY3.epw,43.68,-93.37
USA_MN_Alexandria.Muni.AP.726557_TMY3.epw,45.88,-95.40
USA_MN_Austin.Muni.AP.727566_TMY3.epw,43.67,-92.93
USA_MN_Baudette.Intl.AP.727476_TMY3.epw,48.72,-94.60
USA_MN_Bemidji.Muni.AP.727550_TMY3.epw,47.50,-94.93
USA_MN_Benson.Muni.AP.727507_TMY3.epw,45.32,-95.65
USA_MN_Brainerd-Crow.Wing.County.AP.726555_TMY3.epw,46.40,-94.13
USA_MN_Cambridge.Muni.AP.727503_TMY3.epw,45.57,-93.27
USA_MN_Cloquet.AWOS.726558_TMY3.epw,46.70,-92.50
USA_MN_Crane.Lake.AWOS.727473_TMY3.epw,46.27,-92.57
USA_MN_Crookston.Muni.Field.727452_TMY3.epw,47.85,-96.62
USA_MN_Detroit.Lakes.AWOS.727457_TMY3.epw,46.83,-95.88
USA_MN_Duluth.Intl.AP.727450_TMY3.epw,46.83,-92.22
USA_MN_Edin.Prairie-Flying.Cloud.AP.726579_TMY3.epw,44.82,-93.45
USA_MN_Ely.Muni.AP.727459_TMY3.epw,47.82,-91.83
USA_MN_Eveleth.Muni.AWOS.727474_TMY3.epw,47.40,-92.50
USA_MN_Fairmont.Muni.AWOS.726586_TMY3.epw,43.65,-94.42
USA_MN_Faribault.Muni.AWOS.726563_TMY3.epw,44.33,-93.32
USA_MN_Fergus.Falls.AWOS.726560_TMY3.epw,46.28,-96.15
USA_MN_Fosston.AWOS.727505_TMY3.epw,47.58,-95.77
USA_MN_Glenwood.AWOS.726547_TMY3.epw,45.65,-95.32
USA_MN_Grand.Rapids.AWOS.727458_TMY3.epw,47.22,-93.52
USA_MN_Hallock.727478_TMY3.epw,48.78,-96.95
USA_MN_Hibbing-Chisholm.Hibbing.AP.727455_TMY3.epw,47.38,-92.85
USA_MN_Hutchinson.AWOS.726569_TMY3.epw,44.87,-94.38
USA_MN_International.Falls.Intl.AP.727470_TMY3.epw,48.57,-93.40
USA_MN_Litchfield.Muni.AP.726583_TMY3.epw,45.10,-94.50
USA_MN_Little.Falls.AWOS.726578_TMY3.epw,45.95,-94.35
USA_MN_Mankato.AWOS.726585_TMY3.epw,44.22,-93.92
USA_MN_Marshall.Muni-Ryan.Field.AWOS.726559_TMY3.epw,44.45,-95.82
USA_MN_Minneapolis-Crystal.AP.726575_TMY3.epw,45.07,-93.35
USA_MN_Minneapolis-St.Paul.Intl.AP.726580_TMY3.epw,44.88,-93.23
USA_MN_Mora.Muni.AWOS.727475_TMY3.epw,45.88,-93.27
USA_MN_Morris.Muni.AWOS.726565_TMY3.epw,45.57,-95.97
USA_MN_New.Ulm.Muni.AWOS.726567_TMY3.epw,44.32,-94.50
USA_MN_Orr.Rgnl.AP.726544_TMY3.epw,48.02,-92.87
USA_MN_Owatonna.AWOS.726568_TMY3.epw,44.12,-93.25
USA_MN_Park.Rapids.Muni.AP.727453_TMY3.epw,46.90,-95.07
USA_MN_Pipestone.AWOS.726566_TMY3.epw,43.98,-96.32
USA_MN_Red.Wing.Muni.AP.726564_TMY3.epw,44.58,-92.48
USA_MN_Redwood.Falls.Muni.AP.726556_TMY3.epw,44.55,-95.08
USA_MN_Rochester.Intl.AP.726440_TMY3.epw,43.90,-92.50
USA_MN_Roseau.Muni.AWOS.727477_TMY3.epw,48.85,-95.70
USA_MN_Silver.Bay.Muni.AP.727556_TMY3.epw,47.20,-91.40
USA_MN_South.St.Paul.Muni.AP.726603_TMY3.epw,44.85,-93.15
USA_MN_St.Cloud.Muni.AP.726550_TMY3.epw,45.55,-94.05
USA_MN_St.Paul-Downtown.AP.726584_TMY3.epw,44.93,-93.05
USA_MN_Thief.River.AWOS.727555_TMY3.epw,48.07,-96.18
USA_MN_Two.Harbors.Muni.AP.727444_TMY3.epw,47.05,-91.75
USA_MN_Wheaton.AWOS.727533_TMY3.epw,45.70,-96.50
USA_MN_Willmar.Muni.AP.726576_TMY3.epw,45.12,-95.08
USA_MN_Winona.Muni.AWOS.726588_TMY3.epw,44.08,-91.70
USA_MN_Worthington.AWOS.726587_TMY3.epw,43.65,-95.58
USA_MO_Cape.Girardeau.Muni.AP.723489_TMY3.epw,37.23,-89.57
USA_MO_Columbia.Rgnl.AP.724450_TMY3.epw,38.82,-92.22
USA_MO_Farmington.Rgnl.AP.724454_TMY3.epw,37.77,-90.40
USA_MO_Fort.Leonard.Wood-Forney.AAF.724457_TMY3.epw,37.75,-92.15
USA_MO_Jefferson.City.Mem.AP.724458_TMY3.epw,38.58,-92.15
USA_MO_Joplin.Muni.AP.723495_TMY3.epw,37.15,-94.50
USA_MO_Kaiser-Lee.Fine.Mem.AWOS.724459_TMY3.epw,38.10,-92.55
USA_MO_Kansas.City.Downtown.AP.724463_TMY3.epw,39.12,-94.60
USA_MO_Kansas.City.Intl.AP.724460_TMY3.epw,39.30,-94.72
USA_MO_Kirksville.Muni.AP.724455_TMY3.epw,40.10,-92.55
USA_MO_Poplar.Bluff.AWOS.723300_TMY3.epw,36.77,-90.47
USA_MO_Rolla.National.AP.724456_TMY3.epw,38.13,-91.77
USA_MO_Springfield.Rgnl.AP.724400_TMY3.epw,37.23,-93.38
USA_MO_St.Joseph-Rosecrans.Mem.AP.724490_TMY3.epw,39.77,-94.90
USA_MO_St.Louis-Lambert.Intl.AP.724340_TMY3.epw,38.75,-90.37
USA_MO_St.Louis-Spirit.of.St.Louis.AP.724345_TMY3.epw,38.65,-90.65
USA_MO_Whiteman.AFB.724467_TMY3.epw,38.72,-93.55
USA_MS_Biloxi-Keesler.AFB.747686_TMY3.epw,30.42,-88.92
USA_MS_Columbus.AFB.723306_TMY3.epw,33.65,-88.45
USA_MS_Golden.Triangle.Rgnl.AWOS.723307_TMY3.epw,33.45,-88.58
USA_MS_Greenville.Muni.AP.722356_TMY3.epw,33.48,-90.98
USA_MS_Greenwood-Leflore.AP.722359_TMY3.epw,33.50,-90.08
USA_MS_Gulfport-Biloxi.Intl.AP.747685_TMY3.epw,30.40,-89.07
USA_MS_Hattiesburg-Laurel.AP.722348_TMY3.epw,31.47,-89.33
USA_MS_Jackson.Intl.AP.722350_TMY3.epw,32.32,-90.08
USA_MS_McComb-Pike.Co.AP.722358_TMY3.epw,31.23,-90.47
USA_MS_Meridian-Key.Field.722340_TMY3.epw,32.33,-88.75
USA_MS_Meridian.NAS.722345_TMY3.epw,32.55,-88.57
USA_MS_Natchez-Hardy.Anders.Field.722357_TMY3.epw,31.62,-91.30
USA_MS_Tupelo.Muni-C.D.Lemons.AP.723320_TMY3.epw,34.27,-88.77
USA_MT_Billings-Logan.Intl.AP.726770_TMY3.epw,45.80,-108.55
USA_MT_Bozeman-Gallatin.Field.726797_TMY3.epw,45.80,-111.15
USA_MT_Butte-Bert.Mooney.AP.726785_TMY3.epw,45.95,-112.50
USA_MT_Cut.Bank.Muni.AP.727796_TMY3.epw,48.60,-112.37
USA_MT_Glasgow.Intl.AP.727680_TMY3.epw,48.22,-106.62
USA_MT_Glendive.AWOS.726676_TMY3.epw,47.13,-104.80
USA_MT_Great.Falls.Intl.AP.727750_TMY3.epw,47.47,-111.38
USA_MT_Havre.City-County.AP.727770_TMY3.epw,48.55,-109.77
USA_MT_Helena.Rgnl.AP.727720_TMY3.epw,46.60,-111.97
USA_MT_Kalispell-Glacier.Park.Intl.AP.727790_TMY3.epw,48.32,-114.25
USA_MT_Lewistown.Muni.AP.726776_TMY3.epw,47.05,-109.45
USA_MT_Livingston-Mission.Field.726798_TMY3.epw,45.70,-110.45
USA_MT_Miles.City.Muni.AP.742300_TMY3.epw,46.43,-105.88
USA_MT_Missoula.Intl.AP.727730_TMY3.epw,46.92,-114.10
USA_MT_Sidney-Richland.Muni.AP.727687_TMY3.epw,47.70,-104.20
USA_MT_Wolf.Point.Intl.AP.727686_TMY3.epw,48.31,-105.10
USA_NC_Asheville.Rgnl.AP.723150_TMY3.epw,35.43,-82.53
USA_NC_Cape.Hatteras.723040_TMY3.epw,35.27,-75.55
USA_NC_Charlotte-Douglas.Intl.AP.723140_TMY3.epw,35.22,-80.95
USA_NC_Cherry.Point.MCAS.723090_TMY3.epw,34.90,-76.88
USA_NC_Elizabeth.City.CGAS.746943_TMY3.epw,36.30,-76.25
USA_NC_Fayetteville-Pope.AFB.723030_TMY3.epw,35.17,-79.02
USA_NC_Fayetteville.Muni.AP.723035_TMY3.epw,34.98,-78.88
USA_NC_Fort.Bragg-Simmons.AAF.746930_TMY3.epw,35.13,-78.93
USA_NC_Goldsboro-Seymour.Johnson.AFB.723066_TMY3.epw,35.35,-77.97
USA_NC_Greensboro-Piedmont.Triad.Intl.AP.723170_TMY3.epw,36.10,-79.95
USA_NC_Hickory.Rgnl.AP.723145_TMY3.epw,35.73,-81.38
USA_NC_Jacksonville.AWOS.723069_TMY3.epw,34.83,-77.62
USA_NC_Kinston.Stallings.AFB.723067_TMY3.epw,35.32,-77.63
USA_NC_Manteo-Dare.County.Rgnl.AP.723046_TMY3.epw,35.92,-75.70
USA_NC_New.Bern-Craven.County.Rgnl.AP.723095_TMY3.epw,35.07,-77.05
USA_NC_Pitt.Greenville.AP.723065_TMY3.epw,35.63,-77.40
USA_NC_Raleigh-Durham.Intl.AP.723060_TMY3.epw,35.87,-78.78
USA_NC_Rocky.Mount-Wilson.AP.723068_TMY3.epw,35.85,-77.90
USA_NC_Southern.Pines-Moore.County.AP.723143_TMY3.epw,35.23,-79.40
USA_NC_Wilmington.Intl.AP.723013_TMY3.epw,34.27,-77.90
USA_NC_Winston.Salem-Smith.Reynolds.AP.723193_TMY3.epw,36.13,-80.22
USA_ND_Bismarck.Muni.AP.727640_TMY3.epw,46.77,-100.77
USA_ND_Devils.Lake.AWOS.727573_TMY3.epw,48.12,-98.92
USA_ND_Dickinson.Muni.AP.727645_TMY3.epw,46.80,-102.80
USA_ND_Fargo-Hector.Intl.AP.727530_TMY3.epw,46.93,-96.82
USA_ND_Grand.Forks.AFB.727575_TMY3.epw,47.97,-97.40
USA_ND_Grand.Forks.Intl.AP.727576_TMY3.epw,47.95,-97.18
USA_ND_Jamestown.Muni.AP.727535_TMY3.epw,46.92,-98.68
USA_ND_Minot.AFB.727675_TMY3.epw,48.42,-101.35
USA_ND_Minot.Intl.AP.727676_TMY3.epw,48.27,-101.28
USA_ND_Williston-Sloulin.Field.Intl.AP.727670_TMY3.epw,48.20,-103.65
USA_NE_Ainsworth.Muni.AP.725556_TMY3.epw,42.58,-100.00
USA_NE_Alliance.Muni.AP.725635_TMY3.epw,42.05,-102.80
USA_NE_Beatrice.Muni.AP.725515_TMY3.epw,40.30,-96.75
USA_NE_Bellevue-Offutt.AFB.725540_TMY3.epw,41.12,-95.92
USA_NE_Broken.Bow.Muni.AP.725555_TMY3.epw,41.43,-99.65
USA_NE_Chadron.Muni.AP.725636_TMY3.epw,42.83,-103.08
USA_NE_Columbus.Muni.AP.725565_TMY3.epw,41.45,-97.33
USA_NE_Falls.City-Brenner.Field.725533_TMY3.epw,40.08,-95.60
USA_NE_Fremont.Muni.AP.725564_TMY3.epw,41.45,-96.52
USA_NE_Grand.Island-Central.Nebraska.Rgnl.AP.725520_TMY3.epw,40.97,-98.32
USA_NE_Hastings.Muni.AP.725525_TMY3.epw,40.60,-98.43
USA_NE_Holdrege-Brewster.Field.725628_TMY3.epw,40.45,-99.33
USA_NE_Imperial.Muni.AP.725626_TMY3.epw,40.52,-101.62
USA_NE_Kearney.Muni.AWOS.725526_TMY3.epw,40.73,-99.00
USA_NE_Lincoln.Muni.AP.725510_TMY3.epw,40.83,-96.77
USA_NE_McCook.Muni.AP.725625_TMY3.epw,40.20,-100.58
USA_NE_Norfolk-Karl.Stefan.Mem.AP.725560_TMY3.epw,41.98,-97.43
USA_NE_North.Platte.Rgnl.AP.725620_TMY3.epw,41.12,-100.67
USA_NE_Omaha-Eppley.Airfield.725500_TMY3.epw,41.32,-95.90
USA_NE_Omaha.WSFO.725530_TMY3.epw,41.37,-96.02
USA_NE_ONeill-Baker.Field.725566_TMY3.epw,42.47,-98.68
USA_NE_Ord-Sharp.Field.725524_TMY3.epw,41.62,-98.95
USA_NE_Scottsbluff-W.B.Heilig.Field.725660_TMY3.epw,41.87,-103.60
USA_NE_Sidney.Muni.AP.725610_TMY3.epw,41.10,-102.98
USA_NE_Tekamah.AWOS.725527_TMY3.epw,41.77,-96.17
USA_NE_Valentine-Miller.Field.725670_TMY3.epw,42.87,-100.55
USA_NH_Berlin.Muni.AP.726160_TMY3.epw,44.58,-71.18
USA_NH_Concord.Muni.AP.726050_TMY3.epw,43.20,-71.50
USA_NH_Keene-Dillant.Hopkins.AP.726165_TMY3.epw,42.90,-72.27
USA_NH_Laconia.Muni.AWOS.726155_TMY3.epw,43.57,-71.42
USA_NH_Lebanon.Muni.AP.726116_TMY3.epw,43.63,-72.30
USA_NH_Manchester.Muni.AP.743945_TMY3.epw,42.93,-71.43
USA_NH_Mount.Washington.726130_TMY3.epw,44.27,-71.30
USA_NH_Pease.Intl.Tradeport.726055_TMY3.epw,43.08,-70.82
USA_NJ_Atlantic.City.Intl.AP.724070_TMY3.epw,39.45,-74.57
USA_NJ_Belmar-Monmouth.County.AP.724084_TMY3.epw,40.18,-74.07
USA_NJ_Caldwell-Essex.County.AP.724094_TMY3.epw,40.88,-74.28
USA_NJ_Cape.May.County.AP.745966_TMY3.epw,39.00,-74.92
USA_NJ_McGuire.AFB.724096_TMY3.epw,40.02,-74.60
USA_NJ_Millville.Muni.AP.724075_TMY3.epw,39.37,-75.08
USA_NJ_Newark.Intl.AP.725020_TMY3.epw,40.72,-74.18
USA_NJ_Teterboro.AP.725025_TMY3.epw,40.85,-74.07
USA_NJ_Trenton-Mercer.County.AP.724095_TMY3.epw,40.28,-74.82
USA_NM_Albuquerque.Intl.AP.723650_TMY3.epw,35.04,-106.62
USA_NM_Carlsbad.Cavern.City.Air.Terminal.722687_TMY3.epw,32.33,-104.27
USA_NM_Clayton.Muni.AP.723600_TMY3.epw,36.45,-103.15
USA_NM_Clovis-Cannon.AFB.722686_TMY3.epw,34.38,-103.32
USA_NM_Clovis.Muni.AWOS.722689_TMY3.epw,34.43,-103.08
USA_NM_Deming.Muni.AP.722725_TMY3.epw,32.25,-107.72
USA_NM_Farmington-Four.Corners.Rgnl.AP.723658_TMY3.epw,36.75,-108.23
USA_NM_Gallup-Sen.Clarke.Field.723627_TMY3.epw,35.52,-108.78
USA_NM_Holloman.AFB.747320_TMY3.epw,32.85,-106.10
USA_NM_Las.Cruces.Intl.AP.722695_TMY3.epw,32.28,-106.92
USA_NM_Las.Vegas-Muni.AP.723677_TMY3.epw,35.65,-105.15
USA_NM_Roswell.Industrial.Air.Park.722680_TMY3.epw,33.30,-104.53
USA_NM_Ruidoso-Sierra.Blanca.Rgnl.AP.722683_TMY3.epw,33.47,-105.53
USA_NM_Santa.Fe.County.Muni.AP.723656_TMY3.epw,35.62,-106.08
USA_NM_Taos.Muni.AP.723663_TMY3.epw,36.45,-105.67
USA_NM_Truth.or.Consequences.Muni.AP.722710_TMY3.epw,33.23,-107.27
USA_NM_Tucumcari.AP.723676_TMY3.epw,35.18,-103.60
USA_NV_Elko.Muni.AP.725825_TMY3.epw,40.83,-115.80
USA_NV_Ely-Yelland.Field.724860_TMY3.epw,39.30,-114.85
USA_NV_Fallon.NAS.724885_TMY3.epw,39.42,-118.72
USA_NV_Las.Vegas-McCarran.Intl.AP.723860_TMY3.epw,36.08,-115.15
USA_NV_Las.Vegas-Muni.AP.723677_TMY3.epw,35.65,-105.15
USA_NV_Lovelock-Derby.Field.725805_TMY3.epw,40.07,-118.55
USA_NV_Mercury-Desert.Rock.AP.723870_TMY3.epw,36.63,-116.02
USA_NV_Nellis.AFB.723865_TMY3.epw,36.25,-115.03
USA_NV_Reno-Tahoe.Intl.AP.724880_TMY3.epw,39.48,-119.77
USA_NV_Tonopah.AP.724855_TMY3.epw,38.07,-117.08
USA_NV_Winnemucca.Muni.AP.725830_TMY3.epw,40.90,-117.80
USA_NY_Albany.County.AP.725180_TMY3.epw,42.75,-73.80
USA_NY_Binghamton-Edwin.A.Link.Field.725150_TMY3.epw,42.20,-75.98
USA_NY_Buffalo-Greater.Buffalo.Intl.AP.725280_TMY3.epw,42.93,-78.73
USA_NY_Elmira.Rgnl.AP.725156_TMY3.epw,42.17,-76.90
USA_NY_Fort.Drum-Wheeler.Sack.AAF.743700_TMY3.epw,44.05,-75.72
USA_NY_Glens.Falls-Bennett.Mem.AP.725185_TMY3.epw,43.35,-73.62
USA_NY_Islip-Long.Island.MacArthur.AP.725035_TMY3.epw,40.78,-73.10
USA_NY_Jamestown.AWOS.725235_TMY3.epw,42.15,-79.27
USA_NY_Massena.AP.726223_TMY3.epw,44.93,-74.85
USA_NY_Monticello.AWOS.725145_TMY3.epw,41.70,-74.80
USA_NY_New.York-Central.Park.725033_TMY3.epw,40.78,-73.97
USA_NY_New.York-J.F.Kennedy.Intl.AP.744860_TMY3.epw,40.65,-73.80
USA_NY_New.York-LaGuardia.AP.725030_TMY3.epw,40.78,-73.88
USA_NY_Newburgh-Stewart.Intl.AP.725038_TMY3.epw,41.50,-74.10
USA_NY_Niagara.Falls.Intl.AP.725287_TMY3.epw,43.10,-78.95
USA_NY_Poughkeepsie-Dutchess.County.AP.725036_TMY3.epw,41.63,-73.88
USA_NY_Republic.AP.744864_TMY3.epw,40.72,-73.42
USA_NY_Rochester-Greater.Rochester.Intl.AP.725290_TMY3.epw,43.12,-77.68
USA_NY_Saranac.Lake-Adirondack.Rgnl.AP.726228_TMY3.epw,44.38,-74.20
USA_NY_Syracuse-Hancock.Intl.AP.725190_TMY3.epw,43.12,-76.10
USA_NY_Utica-Oneida.County.AP.725197_TMY3.epw,43.15,-75.38
USA_NY_Watertown.AP.726227_TMY3.epw,44.00,-76.02
USA_NY_Westhampton-Suffolk.County.AP.744865_TMY3.epw,40.85,-72.63
USA_NY_White.Plains-Westchester.County.AP.725037_TMY3.epw,41.07,-73.72
USA_OH_Akron.Canton.Rgnl.AP.725210_TMY3.epw,40.92,-81.43
USA_OH_Cincinnati.Muni.AP-Lunken.Field.724297_TMY3.epw,39.10,-84.42
USA_OH_Cleveland-Burke.Lakefront.AP.725245_TMY3.epw,41.52,-81.68
USA_OH_Cleveland-Hopkins.Intl.AP.725240_TMY3.epw,41.40,-81.85
USA_OH_Columbus-Port.Columbus.Intl.AP.724280_TMY3.epw,39.98,-82.88
USA_OH_Dayton-Wright.Patterson.AFB.745700_TMY3.epw,39.83,-84.05
USA_OH_Dayton.Intl.AP.724290_TMY3.epw,39.90,-84.22
USA_OH_Findlay.AP.725366_TMY3.epw,41.02,-83.67
USA_OH_Mansfield-Lahm.Muni.AP.725246_TMY3.epw,40.82,-82.52
USA_OH_Ohio.State.University.AP.724288_TMY3.epw,40.07,-83.07
USA_OH_Toledo.Express.AP.725360_TMY3.epw,41.58,-83.80
USA_OH_Youngstown.Rgnl.AP.725250_TMY3.epw,41.25,-80.67
USA_OH_Zanesville.Muni.AP.724286_TMY3.epw,39.95,-81.90
USA_OK_Altus.AFB.723520_TMY3.epw,34.65,-99.27
USA_OK_Bartlesville-Phillips.Field.723565_TMY3.epw,36.77,-96.02
USA_OK_Clinton.Sherman.AP.723526_TMY3.epw,35.33,-99.20
USA_OK_Fort.Sill-Henry.Post.AAF.723550_TMY3.epw,34.65,-98.40
USA_OK_Gage.AP.723527_TMY3.epw,36.30,-99.77
USA_OK_Hobart.Muni.AP.723525_TMY3.epw,35.00,-99.05
USA_OK_Lawton.Muni.AP.723575_TMY3.epw,34.57,-98.42
USA_OK_McAlester.Rgnl.AP.723566_TMY3.epw,34.90,-95.78
USA_OK_Oklahoma.City-Tinker.AFB.723540_TMY3.epw,35.42,-97.38
USA_OK_Oklahoma.City-Wiley.Post.Field.723544_TMY3.epw,35.53,-97.65
USA_OK_Oklahoma.City-Will.Rogers.World.AP.723530_TMY3.epw,35.38,-97.60
USA_OK_Ponca.City.Muni.AP.723546_TMY3.epw,36.61,-97.49
USA_OK_Stillwater.Rgnl.AP.723545_TMY3.epw,36.15,-97.08
USA_OK_Tulsa.Intl.AP.723560_TMY3.epw,36.20,-95.88
USA_OK_Vance.AFB.723535_TMY3.epw,36.33,-97.92
USA_OR_Astoria.Rgnl.AP.727910_TMY3.epw,46.15,-123.88
USA_OR_Aurora.State.AP.726959_TMY3.epw,45.25,-122.77
USA_OR_Baker.Muni.AP.726886_TMY3.epw,44.83,-117.82
USA_OR_Burns.Muni.AP.726830_TMY3.epw,43.52,-119.02
USA_OR_Corvallis.Muni.AP.726945_TMY3.epw,44.48,-123.28
USA_OR_Eugene-Mahlon.Sweet.AP.726930_TMY3.epw,44.05,-123.07
USA_OR_Klamath.Falls.Intl.AP.725895_TMY3.epw,42.22,-121.74
USA_OR_La.Grande.Muni.AP.726884_TMY3.epw,45.28,-118.00
USA_OR_Lakeview.AWOS.725976_TMY3.epw,42.17,-120.40
USA_OR_Medford-Rogue.Valley.Intl.AP.725970_TMY3.epw,42.19,-122.70
USA_OR_North.Bend.Muni.AP.726917_TMY3.epw,43.42,-124.25
USA_OR_Pendleton-Eastern.Oregon.Rgnl.AP.726880_TMY3.epw,45.70,-118.83
USA_OR_Portland-Hillsboro.AP.726986_TMY3.epw,45.53,-122.95
USA_OR_Portland-Troutdale.AP.726985_TMY3.epw,45.55,-122.40
USA_OR_Portland.Intl.AP.726980_TMY3.epw,45.60,-122.62
USA_OR_Redmond-Roberts.Field.726835_TMY3.epw,44.25,-121.17
USA_OR_Roseburg.Rgnl.AP.726904_TMY3.epw,43.23,-123.35
USA_OR_Salem-McNary.Field.726940_TMY3.epw,44.90,-123.00
USA_OR_Sexton.Summit.725975_TMY3.epw,42.60,-123.37
USA_PA_Allentown-Lehigh.Valley.Intl.AP.725170_TMY3.epw,40.65,-75.45
USA_PA_Altoona-Blair.County.AP.725126_TMY3.epw,40.30,-78.32
USA_PA_Bradford.Rgnl.AP.725266_TMY3.epw,41.80,-78.63
USA_PA_Butler.County.AWOS.725124_TMY3.epw,40.78,-79.95
USA_PA_DuBois-Jefferson.County.AP.725125_TMY3.epw,41.18,-78.90
USA_PA_Erie.Intl.AP.725260_TMY3.epw,42.08,-80.18
USA_PA_Franklin-Chess.Lemberton.AP.725267_TMY3.epw,41.38,-79.87
USA_PA_Harrisburg-Capital.City.AP.725118_TMY3.epw,40.22,-76.85
USA_PA_Harrisburg.Intl.AP.725115_TMY3.epw,40.20,-76.77
USA_PA_Johnstown-Cambria.County.AP.725127_TMY3.epw,40.32,-78.83
USA_PA_Lancaster.AP.725116_TMY3.epw,40.12,-76.30
USA_PA_Philadelphia-NE.Philadelphia.AP.724085_TMY3.epw,40.08,-75.02
USA_PA_Philadelphia.Intl.AP.724080_TMY3.epw,39.87,-75.23
USA_PA_Pittsburgh-Allegheny.County.AP.725205_TMY3.epw,40.35,-79.92
USA_PA_Pittsburgh.Intl.AP.725200_TMY3.epw,40.50,-80.23
USA_PA_Reading.Mem.AP-Spaatz.Field.725103_TMY3.epw,40.37,-75.97
USA_PA_State.College-Penn.State.University.725128_TMY3.epw,40.72,-77.93
USA_PA_Washington.AWOS.725117_TMY3.epw,40.13,-80.28
USA_PA_Wilkes-Barre-Scranton.Intl.AP.725130_TMY3.epw,41.33,-75.73
USA_PA_Williamsport.Rgnl.AP.725140_TMY3.epw,41.25,-76.92
USA_PA_Willow.Grove.NAS.724086_TMY3.epw,40.20,-75.15
USA_RI_Block.Island.State.AP.725058_TMY3.epw,41.17,-71.58
USA_RI_Pawtucket.AWOS.725054_TMY3.epw,41.92,-71.50
USA_RI_Providence-T.F.Green.State.AP.725070_TMY3.epw,41.72,-71.43
USA_SC_Anderson.County.AP.723125_TMY3.epw,34.50,-82.72
USA_SC_Beaufort.MCAS.722085_TMY3.epw,32.48,-80.72
USA_SC_Charleston.Intl.AP.722080_TMY3.epw,32.90,-80.03
USA_SC_Columbia.Metro.AP.723100_TMY3.epw,33.95,-81.12
USA_SC_Florence.Rgnl.AP.723106_TMY3.epw,34.18,-79.73
USA_SC_Greenville-Downtown.AP.723119_TMY3.epw,34.85,-82.35
USA_SC_Greer.Greenville-Spartanburg.AP.723120_TMY3.epw,34.90,-82.22
USA_SC_Myrtle.Beach.AFB.747910_TMY3.epw,33.68,-78.93
USA_SC_New.River.MCAS.723096_TMY3.epw,34.70,-77.38
USA_SC_North.Myrtle.Beach-Grand.Strand.Field.747915_TMY3.epw,33.82,-78.72
USA_SC_Shaw.AFB.747900_TMY3.epw,33.97,-80.47
USA_SD_Aberdeen.Rgnl.AP.726590_TMY3.epw,45.45,-98.42
USA_SD_Brookings.AWOS.726515_TMY3.epw,44.30,-96.82
USA_SD_Ellsworth.AFB.726625_TMY3.epw,44.15,-103.10
USA_SD_Huron.Rgnl.AP.726540_TMY3.epw,44.40,-98.22
USA_SD_Mitchell.AWOS.726545_TMY3.epw,43.77,-98.03
USA_SD_Mobridge.Muni.AP.726685_TMY3.epw,45.53,-100.43
USA_SD_Pierre.Muni.AP.726686_TMY3.epw,44.38,-100.28
USA_SD_Rapid.City.Rgnl.AP.726620_TMY3.epw,44.05,-103.05
USA_SD_Sioux.Falls-Foss.Field.726510_TMY3.epw,43.58,-96.75
USA_SD_Watertown.Muni.AP.726546_TMY3.epw,44.93,-97.15
USA_SD_Yankton-Chan.Gurney.Muni.AP.726525_TMY3.epw,42.92,-97.38
USA_TN_Bristol-TriCities.Rgnl.AP.723183_TMY3.epw,36.47,-82.40
USA_TN_Chattanooga-Lovell.Field.AP.723240_TMY3.epw,35.03,-85.20
USA_TN_Crossville.Mem.AP.723265_TMY3.epw,35.95,-85.08
USA_TN_Dyersburg.Muni.AP.723347_TMY3.epw,36.02,-89.40
USA_TN_Jackson-McKellar.Sipes.Rgnl.AP.723346_TMY3.epw,35.60,-88.92
USA_TN_Knoxville-McGhee.Tyson.AP.723260_TMY3.epw,35.82,-83.98
USA_TN_Memphis.Intl.AP.723340_TMY3.epw,35.07,-89.98
USA_TN_Nashville.Intl.AP.723270_TMY3.epw,36.12,-86.68
USA_TX_Abilene-Dyess.AFB.690190_TMY3.epw,32.43,-99.85
USA_TX_Abilene.Rgnl.AP.722660_TMY3.epw,32.47,-99.71
USA_TX_Alice.Intl.AP.722517_TMY3.epw,27.73,-98.03
USA_TX_Amarillo.Intl.AP.723630_TMY3.epw,34.99,-101.90
USA_TX_Austin-Camp.Mabry.722544_TMY3.epw,30.32,-97.77
USA_TX_Austin-Mueller.Muni.AP.722540_TMY3.epw,30.29,-97.74
USA_TX_Brownsville-South.Padre.Island.AP.722500_TMY3.epw,25.90,-97.43
USA_TX_Childress.Muni.AP.723604_TMY3.epw,34.43,-100.28
USA_TX_College.Station-Easterwood.Field.722445_TMY3.epw,30.58,-96.37
USA_TX_Corpus.Christi.Intl.AP.722510_TMY3.epw,27.88,-97.63
USA_TX_Corpus.Christi.NAS.722515_TMY3.epw,27.68,-97.28
USA_TX_Cotulla.AP.722526_TMY3.epw,28.45,-99.22
USA_TX_Cox.Field.722587_TMY3.epw,33.63,-95.45
USA_TX_Dalhart.Muni.AP.722636_TMY3.epw,36.02,-102.55
USA_TX_Dallas-Addison.AP.722598_TMY3.epw,32.97,-96.83
USA_TX_Dallas-Fort.Worth.Intl.AP.722590_TMY3.epw,32.90,-97.02
USA_TX_Dallas-Love.Field.722583_TMY3.epw,32.85,-96.85
USA_TX_Dallas-Redbird.AP.722599_TMY3.epw,32.68,-96.87
USA_TX_Del.Rio-Laughlin.AFB.722615_TMY3.epw,29.37,-100.78
USA_TX_Del.Rio.722610_TMY3.epw,29.38,-100.91
USA_TX_Draughon-Miller.Central.Texas.AP.722577_TMY3.epw,31.15,-97.40
USA_TX_El.Paso.Intl.AP.722700_TMY3.epw,31.77,-106.50
USA_TX_Fort.Hood.722570_TMY3.epw,31.13,-97.72
USA_TX_Fort.Worth-Alliance.AP.722594_TMY3.epw,32.98,-97.32
USA_TX_Fort.Worth-Meacham.AP.722596_TMY3.epw,32.82,-97.37
USA_TX_Fort.Worth.NAS.722595_TMY3.epw,32.77,-97.45
USA_TX_Galveston.722420_TMY3.epw,29.30,-94.80
USA_TX_Georgetown.AWOS.722547_TMY3.epw,30.68,-97.68
USA_TX_Greenville.Muni.AP.722588_TMY3.epw,33.07,-96.07
USA_TX_Harlingen-Valley.Intl.AP.722505_TMY3.epw,26.23,-97.65
USA_TX_Hondo.Muni.AP.722533_TMY3.epw,29.37,-99.17
USA_TX_Houston-Bush.Intercontinental.AP.722430_TMY3.epw,30.00,-95.37
USA_TX_Houston-D.W.Hooks.AP.722429_TMY3.epw,30.07,-95.55
USA_TX_Houston-Ellington.AFB.722436_TMY3.epw,29.57,-95.09
USA_TX_Houston-William.P.Hobby.AP.722435_TMY3.epw,29.65,-95.28
USA_TX_Killeen-Fort.Hood.Rgnl.AP.722576_TMY3.epw,31.07,-97.83
USA_TX_Killeen.Muni.AWOS.722575_TMY3.epw,31.08,-97.68
USA_TX_Kingsville.722516_TMY3.epw,27.50,-97.82
USA_TX_Laredo.Intl.AP.722520_TMY3.epw,27.57,-99.49
USA_TX_Longview-Gregg.County.AP.722470_TMY3.epw,32.29,-94.98
USA_TX_Lubbock.Intl.AP.722670_TMY3.epw,33.67,-101.82
USA_TX_Lufkin-Angelina.Co.AP.722446_TMY3.epw,31.23,-94.75
USA_TX_Marfa.AP.722640_TMY3.epw,30.37,-104.02
USA_TX_McAllen-Miller.Intl.AP.722506_TMY3.epw,26.31,-98.17
USA_TX_McGregor.AWOS.722563_TMY3.epw,31.48,-97.32
USA_TX_Midland.Intl.AP.722650_TMY3.epw,31.95,-102.18
USA_TX_Mineral.Wells.Muni.AP.722597_TMY3.epw,32.78,-98.07
USA_TX_Nacogdoches.AWOS.722499_TMY3.epw,31.58,-94.72
USA_TX_Palacios.Muni.AP.722555_TMY3.epw,28.72,-96.25
USA_TX_Port.Arthur-Jefferson.Co.AP.722410_TMY3.epw,29.95,-94.02
USA_TX_Randolph.AFB.722536_TMY3.epw,29.53,-98.28
USA_TX_Rockport-Aransas.Co.AP.722524_TMY3.epw,28.08,-97.05
USA_TX_San.Angelo-Mathis.AP.722630_TMY3.epw,31.35,-100.50
USA_TX_San.Antonio-Kelly.AFB.722535_TMY3.epw,29.38,-98.58
USA_TX_San.Antonio-Stinson.AP.722523_TMY3.epw,29.33,-98.47
USA_TX_San.Antonio.Intl.AP.722530_TMY3.epw,29.53,-98.47
USA_TX_Tyler-Pounds.Field.722448_TMY3.epw,32.35,-95.40
USA_TX_Victoria.Rgnl.AP.722550_TMY3.epw,28.87,-96.93
USA_TX_Waco.Rgnl.AP.722560_TMY3.epw,31.62,-97.23
USA_TX_Wichita.Falls.Muni.AP.723510_TMY3.epw,33.98,-98.50
USA_TX_Wink-Winkler.County.AP.722656_TMY3.epw,31.78,-103.20
USA_UT_Blanding.Muni.AP.724723_TMY3.epw,37.62,-109.48
USA_UT_Bryce.Canyon.AP.724756_TMY3.epw,37.70,-112.15
USA_UT_Cedar.City.Muni.AP.724755_TMY3.epw,37.70,-113.10
USA_UT_Delta.Muni.AP.724795_TMY3.epw,39.33,-112.58
USA_UT_Hanksville.AP.724735_TMY3.epw,38.37,-110.72
USA_UT_Moab-Canyonlands.Field.724776_TMY3.epw,38.58,-109.54
USA_UT_Ogden-Hill.AFB.725755_TMY3.epw,41.12,-111.97
USA_UT_Ogden-Hinkley.AP.725750_TMY3.epw,41.20,-112.02
USA_UT_Provo.Muni.AWOS.725724_TMY3.epw,40.22,-111.72
USA_UT_Saint.George.AWOS.724754_TMY3.epw,37.08,-113.60
USA_UT_Salt.Lake.City.Intl.AP.725720_TMY3.epw,40.77,-111.97
USA_UT_Vernal.AP.725705_TMY3.epw,40.43,-109.52
USA_UT_Wendover.USAF.Auxiliary.Field.725810_TMY3.epw,40.72,-114.03
USA_VA_Abingdon-Virgina.Highlands.AP.724058_TMY3.epw,36.68,-82.03
USA_VA_Arlington-Ronald.Reagan.Washington.Natl.AP.724050_TMY3.epw,38.87,-77.03
USA_VA_Blacksburg-Virginia.Tech.AP.724113_TMY3.epw,37.22,-80.42
USA_VA_Charlottesville-Albemarle.County.AP.724016_TMY3.epw,38.13,-78.45
USA_VA_Danville.Rgnl.AP.724106_TMY3.epw,36.57,-79.33
USA_VA_Davison.AAF.724037_TMY3.epw,38.72,-77.18
USA_VA_Farmville.Muni.AP.724017_TMY3.epw,37.35,-78.43
USA_VA_Franklin.Muni.AP.723083_TMY3.epw,36.70,-76.90
USA_VA_Fredericksburg-Shannon.AP.724033_TMY3.epw,38.27,-77.45
USA_VA_Hillsville-Twin.County.AP.724107_TMY3.epw,36.77,-80.82
USA_VA_Hot.Springs-Ingalls.Field.724115_TMY3.epw,37.95,-79.83
USA_VA_Langley.AFB.745980_TMY3.epw,37.08,-76.35
USA_VA_Leesburg.Muni.AP-Godfrey.Field.724055_TMY3.epw,39.08,-77.57
USA_VA_Lynchburg.Rgnl.AP-Preston.Glen.Field.724100_TMY3.epw,37.33,-79.20
USA_VA_Manassas.Muni.AWOS.724036_TMY3.epw,38.72,-77.52
USA_VA_Marion-Wytheville-Mountain.Empire.AP.724056_TMY3.epw,36.90,-81.35
USA_VA_Martinsville-Blue.Ridge.AP.745985_TMY3.epw,36.63,-80.02
USA_VA_Melfa-Accomack.County.AP.724026_TMY3.epw,37.65,-75.77
USA_VA_Newport.News.723086_TMY3.epw,37.13,-76.50
USA_VA_Norfolk.Intl.AP.723080_TMY3.epw,36.90,-76.20
USA_VA_Norfolk.NAS.723085_TMY3.epw,36.95,-76.28
USA_VA_Oceana.NAS.723075_TMY3.epw,36.82,-76.03
USA_VA_Petersburg.Muni.AP.724014_TMY3.epw,37.18,-77.52
USA_VA_Pulaski-New.River.Valley.AP.724116_TMY3.epw,37.13,-80.68
USA_VA_Quantico.MCAS.724035_TMY3.epw,38.50,-77.30
USA_VA_Richmond.Intl.AP.724010_TMY3.epw,37.52,-77.32
USA_VA_Roanoke.Rgnl.AP-Woodrum.Field.724110_TMY3.epw,37.32,-79.97
USA_VA_Staunton-Shenandoah.Valley.Rgnl.AP.724105_TMY3.epw,38.27,-78.90
USA_VA_Sterling-Washington.Dulles.Intl.AP.724030_TMY3.epw,38.98,-77.47
USA_VA_Winchester.Rgnl.AP.724053_TMY3.epw,39.15,-78.15
USA_VA_Wise-Lonesome.Pine.AP.724117_TMY3.epw,36.98,-82.53
USA_VT_Burlington.Intl.AP.726170_TMY3.epw,44.47,-73.15
USA_VT_Montpelier.AP.726145_TMY3.epw,44.20,-72.57
USA_VT_Rutland.State.AP.725165_TMY3.epw,43.52,-72.95
USA_VT_Springfield-Hartnes.State.AP.726115_TMY3.epw,43.35,-72.52
USA_WA_Bellingham.Intl.AP.727976_TMY3.epw,48.80,-122.53
USA_WA_Bremerton.National.AP.727928_TMY3.epw,47.48,-122.75
USA_WA_Ephrata.Muni.AP.727826_TMY3.epw,47.30,-119.52
USA_WA_Fairchild.AFB.727855_TMY3.epw,47.63,-117.65
USA_WA_Fort.Lewis-Gray.AAF.742070_TMY3.epw,47.08,-122.58
USA_WA_Hanford.727840_TMY3.epw,46.57,-119.60
USA_WA_Hoquiam.AP.727923_TMY3.epw,46.98,-123.93
USA_WA_Kelso.AP.727924_TMY3.epw,46.13,-122.90
USA_WA_Moses.Lake-Grant.County.AP.727827_TMY3.epw,47.20,-119.32
USA_WA_Olympia.AP.727920_TMY3.epw,46.97,-122.90
USA_WA_Pasco-Tri.Cities.AP.727845_TMY3.epw,46.27,-119.12
USA_WA_Port.Angeles-William.R.Fairchild.Intl.AP.727885_TMY3.epw,48.12,-123.50
USA_WA_Pullman-Moscow.Rgnl.AP.727857_TMY3.epw,46.75,-117.12
USA_WA_Quillayute.State.AP.727970_TMY3.epw,47.93,-124.57
USA_WA_Renton.Muni.AP.727934_TMY3.epw,47.48,-122.22
USA_WA_Seattle-Boeing.Field.727935_TMY3.epw,47.68,-122.25
USA_WA_Seattle-Tacoma.Intl.AP.727930_TMY3.epw,47.47,-122.32
USA_WA_Snohomish.County.AP.727937_TMY3.epw,47.90,-122.28
USA_WA_Spokane-Felts.Field.727856_TMY3.epw,47.68,-117.32
USA_WA_Spokane.Intl.AP.727850_TMY3.epw,47.49,-117.59
USA_WA_Stampede.Pass.727815_TMY3.epw,47.28,-121.33
USA_WA_Tacoma-McChord.AFB.742060_TMY3.epw,47.15,-122.48
USA_WA_Tacoma.Narrows.AP.727938_TMY3.epw,47.27,-122.58
USA_WA_The.Dalles.Muni.AP.726988_TMY3.epw,45.62,-121.15
USA_WA_Toledo-Winlock-Ed.Carlson.Mem.AP.727926_TMY3.epw,46.48,-122.80
USA_WA_Walla.Walla.City-County.AP.727846_TMY3.epw,46.10,-118.28
USA_WA_Wenatchee-Pangborn.Mem.AP.727825_TMY3.epw,47.40,-120.20
USA_WA_Whidbey.Island.NAS.690230_TMY3.epw,48.35,-122.67
USA_WA_Yakima.Air.Terminal-McAllister.Field.727810_TMY3.epw,46.57,-120.55
USA_WI_Appleton-Outagamie.County.AP.726457_TMY3.epw,44.25,-88.52
USA_WI_Eau.Claire.County.AP.726435_TMY3.epw,44.87,-91.48
USA_WI_Ephraim.AWOS.726626_TMY3.epw,45.15,-87.15
USA_WI_Green.Bay-Austin.Straubel.Intl.AP.726450_TMY3.epw,44.48,-88.13
USA_WI_Janesville-Rock.County.AP.726415_TMY3.epw,42.62,-89.03
USA_WI_La.Crosse.Muni.AP.726430_TMY3.epw,43.87,-91.25
USA_WI_Lone.Rock.AP.726416_TMY3.epw,43.20,-90.18
USA_WI_Madison-Dane.County.Rgnl.AP.726410_TMY3.epw,43.13,-89.33
USA_WI_Manitowac.Muni.AWOS.726455_TMY3.epw,44.13,-87.68
USA_WI_Marshfield.Muni.AP.726574_TMY3.epw,44.63,-90.18
USA_WI_Milwaukee-Mitchell.Intl.AP.726400_TMY3.epw,42.95,-87.90
USA_WI_Minocqua-Woodruff-Lee.Field.726404_TMY3.epw,45.93,-89.73
USA_WI_Mosinee-Central.Wisconsin.AP.726465_TMY3.epw,44.78,-89.67
USA_WI_Phillips-Price.County.AP.726468_TMY3.epw,45.70,-90.40
USA_WI_Rice.Lake.Muni.AP.726467_TMY3.epw,45.48,-91.72
USA_WI_Sturgeon.Bay-Door.County.AP.726458_TMY3.epw,44.85,-87.42
USA_WI_Watertown.Muni.AP.726464_TMY3.epw,43.17,-88.72
USA_WI_Wausau.Muni.AP.726463_TMY3.epw,44.92,-89.63
USA_WI_Wittman.Rgnl.AP.726456_TMY3.epw,43.98,-88.55
USA_WV_Beckley-Raleigh.County.Mem.AP.724120_TMY3.epw,37.80,-81.12
USA_WV_Bluefield-Mercer.County.AP.724125_TMY3.epw,37.27,-81.24
USA_WV_Charleston-Yeager.AP.724140_TMY3.epw,38.38,-81.58
USA_WV_Clarksburg-Harrison.Marion.Rgnl.AP.724175_TMY3.epw,39.28,-80.23
USA_WV_Elkins-Randolph.County.AP.724170_TMY3.epw,38.88,-79.85
USA_WV_Huntington-Tri.State.Walker.Long.Field.724250_TMY3.epw,38.38,-82.55
USA_WV_Lewisburg-Greenbrier.Valley.AP.724127_TMY3.epw,37.87,-80.40
USA_WV_Martinsburg-Eastern.WV.Rgnl.AP.724177_TMY3.epw,39.40,-77.98
USA_WV_Morgantown.Muni-Hart.Field.724176_TMY3.epw,39.65,-79.92
USA_WV_Parkersburg-Wood.County-Gill.Robb.Wilson.AP.724273_TMY3.epw,39.35,-81.43
USA_WV_Wheeling-Ohio.County.AP.724275_TMY3.epw,40.18,-80.65
USA_WY_Casper-Natrona.County.Intl.AP.725690_TMY3.epw,42.90,-106.47
USA_WY_Cheyenne.Muni.AP.725640_TMY3.epw,41.15,-104.80
USA_WY_Cody.Muni.AWOS.726700_TMY3.epw,44.52,-109.02
USA_WY_Evanston-Uinta.County.AP-Burns.Field.725775_TMY3.epw,41.28,-111.03
USA_WY_Gillette-Gillette.County.AP.726650_TMY3.epw,44.35,-105.53
USA_WY_Green.River-Greater.Green.River.Intergalactic.Spaceport.725744_TMY3.epw,41.46,-109.44
USA_WY_Jackson.Hole.AP.725776_TMY3.epw,43.60,-110.73
USA_WY_Lander-Hunt.Field.725760_TMY3.epw,42.82,-108.73
USA_WY_Laramie-General.Brees.Field.725645_TMY3.epw,41.32,-105.68
USA_WY_Rawlins.Muni.AP.725745_TMY3.epw,41.80,-107.20
USA_WY_Riverton.Rgnl.AP.725765_TMY3.epw,43.05,-108.45
USA_WY_Sheridan.County.AP.726660_TMY3.epw,44.77,-106.97
USA_WY_Worland.Muni.AP.726665_TMY3.epw,43.97,-107.95
